regions,pred,coeff,dea,corr,pop
00,5.26193,0.218445185169722,29260,0.086393,4424800